<skeleton >
  <bones >
    <bone id="0" name="bonePrincipal" >
      <position z="0.000000" x="-1.803345" y="0.000000" />
      <rotation angle="1.570796" >
        <axis z="-1.000000" x="0.000000" y="0.000000" />
      </rotation>
    </bone>
    <bone id="1" name="alaIZq" >
      <position z="0.000000" x="0.000000" y="1.000000" />
      <rotation angle="0.809444" >
        <axis z="-0.000000" x="-1.000000" y="-0.000000" />
      </rotation>
    </bone>
    <bone id="2" name="alaDer" >
      <position z="0.000000" x="0.000000" y="1.000000" />
      <rotation angle="3.141593" >
        <axis z="0.519766" x="0.000000" y="0.854309" />
      </rotation>
    </bone>
  </bones>
  <bonehierarchy >
    <boneparent parent="bonePrincipal" bone="alaIZq" />
    <boneparent parent="bonePrincipal" bone="alaDer" />
  </bonehierarchy>
  <animations >
    <animation name="rotIzq" length="1.25" >
      <tracks >
        <track bone="bonePrincipal" >
          <keyframes >
            <keyframe time="0.0" >
              <translate z="0.000000" x="0.000000" y="0.000000" />
              <rotate angle="0.000000" >
                <axis z="0.000000" x="0.000000" y="-0.000000" />
              </rotate>
              <scale z="1.000000" x="1.000000" y="1.000000" />
            </keyframe>
            <keyframe time="0.041666666666666664" >
              <translate z="0.000000" x="0.000000" y="0.000000" />
              <rotate angle="0.000977" >
                <axis z="-0.000000" x="-0.000000" y="-0.000529" />
              </rotate>
              <scale z="1.000000" x="1.000000" y="1.000000" />
            </keyframe>
            <keyframe time="0.08333333333333333" >
              <translate z="0.000000" x="0.000000" y="0.000000" />
              <rotate angle="0.004257" >
                <axis z="-0.000000" x="-0.000000" y="-0.998715" />
              </rotate>
              <scale z="1.000000" x="1.000000" y="1.000000" />
            </keyframe>
            <keyframe time="0.125" >
              <translate z="0.000000" x="0.000000" y="0.000000" />
              <rotate angle="0.009593" >
                <axis z="-0.000000" x="-0.000000" y="-1.000865" />
              </rotate>
              <scale z="1.000000" x="1.000000" y="1.000000" />
            </keyframe>
            <keyframe time="0.16666666666666666" >
              <translate z="0.000000" x="0.000000" y="0.000000" />
              <rotate angle="0.017111" >
                <axis z="-0.000000" x="-0.000000" y="-1.000215" />
              </rotate>
              <scale z="1.000000" x="1.000000" y="1.000000" />
            </keyframe>
            <keyframe time="0.20833333333333334" >
              <translate z="0.000000" x="0.000000" y="0.000000" />
              <rotate angle="0.026771" >
                <axis z="-0.000000" x="-0.000000" y="-1.000232" />
              </rotate>
              <scale z="1.000000" x="1.000000" y="1.000000" />
            </keyframe>
            <keyframe time="0.25" >
              <translate z="0.000000" x="0.000000" y="0.000000" />
              <rotate angle="0.038547" >
                <axis z="-0.000000" x="-0.000000" y="-1.000198" />
              </rotate>
              <scale z="1.000000" x="1.000000" y="1.000000" />
            </keyframe>
            <keyframe time="0.2916666666666667" >
              <translate z="0.000000" x="0.000000" y="0.000000" />
              <rotate angle="0.052382" >
                <axis z="-0.000000" x="-0.000000" y="-1.000027" />
              </rotate>
              <scale z="1.000000" x="1.000000" y="1.000000" />
            </keyframe>
            <keyframe time="0.3333333333333333" >
              <translate z="0.000000" x="0.000000" y="0.000000" />
              <rotate angle="0.068171" >
                <axis z="-0.000000" x="-0.000000" y="-0.999995" />
              </rotate>
              <scale z="1.000000" x="1.000000" y="1.000000" />
            </keyframe>
            <keyframe time="0.375" >
              <translate z="0.000000" x="0.000000" y="0.000000" />
              <rotate angle="0.085786" >
                <axis z="-0.000000" x="-0.000000" y="-1.000014" />
              </rotate>
              <scale z="1.000000" x="1.000000" y="1.000000" />
            </keyframe>
            <keyframe time="0.4166666666666667" >
              <translate z="0.000000" x="0.000000" y="0.000000" />
              <rotate angle="0.105069" >
                <axis z="-0.000000" x="-0.000000" y="-1.000001" />
              </rotate>
              <scale z="1.000000" x="1.000000" y="1.000000" />
            </keyframe>
            <keyframe time="0.4583333333333333" >
              <translate z="0.000000" x="0.000000" y="0.000000" />
              <rotate angle="0.125814" >
                <axis z="-0.000000" x="-0.000000" y="-0.999994" />
              </rotate>
              <scale z="1.000000" x="1.000000" y="1.000000" />
            </keyframe>
            <keyframe time="0.5" >
              <translate z="0.000000" x="0.000000" y="0.000000" />
              <rotate angle="0.147779" >
                <axis z="-0.000000" x="-0.000000" y="-1.000010" />
              </rotate>
              <scale z="1.000000" x="1.000000" y="1.000000" />
            </keyframe>
            <keyframe time="0.5416666666666666" >
              <translate z="0.000000" x="0.000000" y="0.000000" />
              <rotate angle="0.170698" >
                <axis z="-0.000000" x="-0.000000" y="-1.000005" />
              </rotate>
              <scale z="1.000000" x="1.000000" y="1.000000" />
            </keyframe>
            <keyframe time="0.5833333333333334" >
              <translate z="0.000000" x="0.000000" y="0.000000" />
              <rotate angle="0.194266" >
                <axis z="-0.000000" x="-0.000000" y="-1.000004" />
              </rotate>
              <scale z="1.000000" x="1.000000" y="1.000000" />
            </keyframe>
            <keyframe time="0.625" >
              <translate z="0.000000" x="0.000000" y="0.000000" />
              <rotate angle="0.218166" >
                <axis z="-0.000000" x="-0.000000" y="-1.000000" />
              </rotate>
              <scale z="1.000000" x="1.000000" y="1.000000" />
            </keyframe>
            <keyframe time="0.6666666666666666" >
              <translate z="0.000000" x="0.000000" y="0.000000" />
              <rotate angle="0.242065" >
                <axis z="-0.000000" x="-0.000000" y="-0.999999" />
              </rotate>
              <scale z="1.000000" x="1.000000" y="1.000000" />
            </keyframe>
            <keyframe time="0.7083333333333334" >
              <translate z="0.000000" x="0.000000" y="0.000000" />
              <rotate angle="0.265633" >
                <axis z="-0.000000" x="-0.000000" y="-1.000005" />
              </rotate>
              <scale z="1.000000" x="1.000000" y="1.000000" />
            </keyframe>
            <keyframe time="0.75" >
              <translate z="0.000000" x="0.000000" y="0.000000" />
              <rotate angle="0.288552" >
                <axis z="-0.000000" x="-0.000000" y="-0.999999" />
              </rotate>
              <scale z="1.000000" x="1.000000" y="1.000000" />
            </keyframe>
            <keyframe time="0.7916666666666666" >
              <translate z="0.000000" x="0.000000" y="0.000000" />
              <rotate angle="0.310519" >
                <axis z="-0.000000" x="-0.000000" y="-1.000000" />
              </rotate>
              <scale z="1.000000" x="1.000000" y="1.000000" />
            </keyframe>
            <keyframe time="0.8333333333333334" >
              <translate z="0.000000" x="0.000000" y="0.000000" />
              <rotate angle="0.331263" >
                <axis z="-0.000000" x="-0.000000" y="-1.000001" />
              </rotate>
              <scale z="1.000000" x="1.000000" y="1.000000" />
            </keyframe>
            <keyframe time="0.875" >
              <translate z="0.000000" x="0.000000" y="0.000000" />
              <rotate angle="0.350545" >
                <axis z="-0.000000" x="-0.000000" y="-1.000000" />
              </rotate>
              <scale z="1.000000" x="1.000000" y="1.000000" />
            </keyframe>
            <keyframe time="0.9166666666666666" >
              <translate z="0.000000" x="0.000000" y="0.000000" />
              <rotate angle="0.368161" >
                <axis z="-0.000000" x="-0.000000" y="-1.000002" />
              </rotate>
              <scale z="1.000000" x="1.000000" y="1.000000" />
            </keyframe>
            <keyframe time="0.9583333333333334" >
              <translate z="0.000000" x="0.000000" y="0.000000" />
              <rotate angle="0.383949" >
                <axis z="-0.000000" x="-0.000000" y="-1.000000" />
              </rotate>
              <scale z="1.000000" x="1.000000" y="1.000000" />
            </keyframe>
            <keyframe time="1.0" >
              <translate z="0.000000" x="0.000000" y="0.000000" />
              <rotate angle="0.397777" >
                <axis z="-0.000000" x="-0.000000" y="-1.000001" />
              </rotate>
              <scale z="1.000000" x="1.000000" y="1.000000" />
            </keyframe>
            <keyframe time="1.0416666666666667" >
              <translate z="0.000000" x="0.000000" y="0.000000" />
              <rotate angle="0.409554" >
                <axis z="-0.000000" x="-0.000000" y="-1.000001" />
              </rotate>
              <scale z="1.000000" x="1.000000" y="1.000000" />
            </keyframe>
            <keyframe time="1.0833333333333333" >
              <translate z="0.000000" x="0.000000" y="0.000000" />
              <rotate angle="0.419217" >
                <axis z="-0.000000" x="-0.000000" y="-1.000002" />
              </rotate>
              <scale z="1.000000" x="1.000000" y="1.000000" />
            </keyframe>
            <keyframe time="1.125" >
              <translate z="0.000000" x="0.000000" y="0.000000" />
              <rotate angle="0.426730" >
                <axis z="-0.000000" x="-0.000000" y="-1.000001" />
              </rotate>
              <scale z="1.000000" x="1.000000" y="1.000000" />
            </keyframe>
            <keyframe time="1.1666666666666667" >
              <translate z="0.000000" x="0.000000" y="0.000000" />
              <rotate angle="0.432081" >
                <axis z="-0.000000" x="-0.000000" y="-1.000000" />
              </rotate>
              <scale z="1.000000" x="1.000000" y="1.000000" />
            </keyframe>
            <keyframe time="1.2083333333333333" >
              <translate z="0.000000" x="0.000000" y="0.000000" />
              <rotate angle="0.435274" >
                <axis z="-0.000000" x="-0.000000" y="-1.000001" />
              </rotate>
              <scale z="1.000000" x="1.000000" y="1.000000" />
            </keyframe>
            <keyframe time="1.25" >
              <translate z="0.000000" x="0.000000" y="0.000000" />
              <rotate angle="0.436332" >
                <axis z="0.000000" x="-0.000000" y="-1.000000" />
              </rotate>
              <scale z="1.000000" x="1.000000" y="1.000000" />
            </keyframe>
          </keyframes>
        </track>
      </tracks>
    </animation>
    <animation name="rotDer" length="1.25" >
      <tracks >
        <track bone="bonePrincipal" >
          <keyframes >
            <keyframe time="0.0" >
              <translate z="0.000000" x="0.000000" y="0.000000" />
              <rotate angle="0.000000" >
                <axis z="0.000000" x="0.000000" y="-0.000000" />
              </rotate>
              <scale z="1.000000" x="1.000000" y="1.000000" />
            </keyframe>
            <keyframe time="0.041666666666666664" >
              <translate z="0.000000" x="0.000000" y="0.000000" />
              <rotate angle="0.000977" >
                <axis z="0.000000" x="-0.000000" y="0.000529" />
              </rotate>
              <scale z="1.000000" x="1.000000" y="1.000000" />
            </keyframe>
            <keyframe time="0.08333333333333333" >
              <translate z="0.000000" x="0.000000" y="0.000000" />
              <rotate angle="0.004257" >
                <axis z="0.000000" x="-0.000000" y="0.998715" />
              </rotate>
              <scale z="1.000000" x="1.000000" y="1.000000" />
            </keyframe>
            <keyframe time="0.125" >
              <translate z="0.000000" x="0.000000" y="0.000000" />
              <rotate angle="0.009593" >
                <axis z="0.000000" x="-0.000000" y="1.000865" />
              </rotate>
              <scale z="1.000000" x="1.000000" y="1.000000" />
            </keyframe>
            <keyframe time="0.16666666666666666" >
              <translate z="0.000000" x="0.000000" y="0.000000" />
              <rotate angle="0.017111" >
                <axis z="0.000000" x="-0.000000" y="1.000215" />
              </rotate>
              <scale z="1.000000" x="1.000000" y="1.000000" />
            </keyframe>
            <keyframe time="0.20833333333333334" >
              <translate z="0.000000" x="0.000000" y="0.000000" />
              <rotate angle="0.026771" >
                <axis z="0.000000" x="-0.000000" y="1.000232" />
              </rotate>
              <scale z="1.000000" x="1.000000" y="1.000000" />
            </keyframe>
            <keyframe time="0.25" >
              <translate z="0.000000" x="0.000000" y="0.000000" />
              <rotate angle="0.038547" >
                <axis z="0.000000" x="-0.000000" y="1.000198" />
              </rotate>
              <scale z="1.000000" x="1.000000" y="1.000000" />
            </keyframe>
            <keyframe time="0.2916666666666667" >
              <translate z="0.000000" x="0.000000" y="0.000000" />
              <rotate angle="0.052382" >
                <axis z="0.000000" x="-0.000000" y="1.000027" />
              </rotate>
              <scale z="1.000000" x="1.000000" y="1.000000" />
            </keyframe>
            <keyframe time="0.3333333333333333" >
              <translate z="0.000000" x="0.000000" y="0.000000" />
              <rotate angle="0.068171" >
                <axis z="0.000000" x="-0.000000" y="0.999995" />
              </rotate>
              <scale z="1.000000" x="1.000000" y="1.000000" />
            </keyframe>
            <keyframe time="0.375" >
              <translate z="0.000000" x="0.000000" y="0.000000" />
              <rotate angle="0.085786" >
                <axis z="0.000000" x="-0.000000" y="1.000014" />
              </rotate>
              <scale z="1.000000" x="1.000000" y="1.000000" />
            </keyframe>
            <keyframe time="0.4166666666666667" >
              <translate z="0.000000" x="0.000000" y="0.000000" />
              <rotate angle="0.105069" >
                <axis z="0.000000" x="-0.000000" y="1.000001" />
              </rotate>
              <scale z="1.000000" x="1.000000" y="1.000000" />
            </keyframe>
            <keyframe time="0.4583333333333333" >
              <translate z="0.000000" x="0.000000" y="0.000000" />
              <rotate angle="0.125814" >
                <axis z="0.000000" x="-0.000000" y="0.999994" />
              </rotate>
              <scale z="1.000000" x="1.000000" y="1.000000" />
            </keyframe>
            <keyframe time="0.5" >
              <translate z="0.000000" x="0.000000" y="0.000000" />
              <rotate angle="0.147779" >
                <axis z="0.000000" x="-0.000000" y="1.000010" />
              </rotate>
              <scale z="1.000000" x="1.000000" y="1.000000" />
            </keyframe>
            <keyframe time="0.5416666666666666" >
              <translate z="0.000000" x="0.000000" y="0.000000" />
              <rotate angle="0.170698" >
                <axis z="0.000000" x="-0.000000" y="1.000005" />
              </rotate>
              <scale z="1.000000" x="1.000000" y="1.000000" />
            </keyframe>
            <keyframe time="0.5833333333333334" >
              <translate z="0.000000" x="0.000000" y="0.000000" />
              <rotate angle="0.194266" >
                <axis z="0.000000" x="-0.000000" y="1.000004" />
              </rotate>
              <scale z="1.000000" x="1.000000" y="1.000000" />
            </keyframe>
            <keyframe time="0.625" >
              <translate z="0.000000" x="0.000000" y="0.000000" />
              <rotate angle="0.218166" >
                <axis z="0.000000" x="-0.000000" y="1.000000" />
              </rotate>
              <scale z="1.000000" x="1.000000" y="1.000000" />
            </keyframe>
            <keyframe time="0.6666666666666666" >
              <translate z="0.000000" x="0.000000" y="0.000000" />
              <rotate angle="0.242065" >
                <axis z="0.000000" x="-0.000000" y="0.999999" />
              </rotate>
              <scale z="1.000000" x="1.000000" y="1.000000" />
            </keyframe>
            <keyframe time="0.7083333333333334" >
              <translate z="0.000000" x="0.000000" y="0.000000" />
              <rotate angle="0.265633" >
                <axis z="0.000000" x="-0.000000" y="1.000005" />
              </rotate>
              <scale z="1.000000" x="1.000000" y="1.000000" />
            </keyframe>
            <keyframe time="0.75" >
              <translate z="0.000000" x="0.000000" y="0.000000" />
              <rotate angle="0.288552" >
                <axis z="0.000000" x="-0.000000" y="0.999999" />
              </rotate>
              <scale z="1.000000" x="1.000000" y="1.000000" />
            </keyframe>
            <keyframe time="0.7916666666666666" >
              <translate z="0.000000" x="0.000000" y="0.000000" />
              <rotate angle="0.310519" >
                <axis z="0.000000" x="-0.000000" y="1.000000" />
              </rotate>
              <scale z="1.000000" x="1.000000" y="1.000000" />
            </keyframe>
            <keyframe time="0.8333333333333334" >
              <translate z="0.000000" x="0.000000" y="0.000000" />
              <rotate angle="0.331263" >
                <axis z="0.000000" x="-0.000000" y="1.000001" />
              </rotate>
              <scale z="1.000000" x="1.000000" y="1.000000" />
            </keyframe>
            <keyframe time="0.875" >
              <translate z="0.000000" x="0.000000" y="0.000000" />
              <rotate angle="0.350545" >
                <axis z="0.000000" x="-0.000000" y="1.000000" />
              </rotate>
              <scale z="1.000000" x="1.000000" y="1.000000" />
            </keyframe>
            <keyframe time="0.9166666666666666" >
              <translate z="0.000000" x="0.000000" y="0.000000" />
              <rotate angle="0.368161" >
                <axis z="0.000000" x="-0.000000" y="1.000002" />
              </rotate>
              <scale z="1.000000" x="1.000000" y="1.000000" />
            </keyframe>
            <keyframe time="0.9583333333333334" >
              <translate z="0.000000" x="0.000000" y="0.000000" />
              <rotate angle="0.383949" >
                <axis z="0.000000" x="-0.000000" y="1.000000" />
              </rotate>
              <scale z="1.000000" x="1.000000" y="1.000000" />
            </keyframe>
            <keyframe time="1.0" >
              <translate z="0.000000" x="0.000000" y="0.000000" />
              <rotate angle="0.397777" >
                <axis z="0.000000" x="-0.000000" y="1.000001" />
              </rotate>
              <scale z="1.000000" x="1.000000" y="1.000000" />
            </keyframe>
            <keyframe time="1.0416666666666667" >
              <translate z="0.000000" x="0.000000" y="0.000000" />
              <rotate angle="0.409554" >
                <axis z="0.000000" x="-0.000000" y="1.000001" />
              </rotate>
              <scale z="1.000000" x="1.000000" y="1.000000" />
            </keyframe>
            <keyframe time="1.0833333333333333" >
              <translate z="0.000000" x="0.000000" y="0.000000" />
              <rotate angle="0.419217" >
                <axis z="0.000000" x="-0.000000" y="1.000002" />
              </rotate>
              <scale z="1.000000" x="1.000000" y="1.000000" />
            </keyframe>
            <keyframe time="1.125" >
              <translate z="0.000000" x="0.000000" y="0.000000" />
              <rotate angle="0.426730" >
                <axis z="0.000000" x="-0.000000" y="1.000001" />
              </rotate>
              <scale z="1.000000" x="1.000000" y="1.000000" />
            </keyframe>
            <keyframe time="1.1666666666666667" >
              <translate z="0.000000" x="0.000000" y="0.000000" />
              <rotate angle="0.432081" >
                <axis z="0.000000" x="-0.000000" y="1.000000" />
              </rotate>
              <scale z="1.000000" x="1.000000" y="1.000000" />
            </keyframe>
            <keyframe time="1.2083333333333333" >
              <translate z="0.000000" x="0.000000" y="0.000000" />
              <rotate angle="0.435274" >
                <axis z="0.000000" x="-0.000000" y="1.000001" />
              </rotate>
              <scale z="1.000000" x="1.000000" y="1.000000" />
            </keyframe>
            <keyframe time="1.25" >
              <translate z="0.000000" x="0.000000" y="0.000000" />
              <rotate angle="0.436332" >
                <axis z="0.000000" x="0.000000" y="1.000000" />
              </rotate>
              <scale z="1.000000" x="1.000000" y="1.000000" />
            </keyframe>
          </keyframes>
        </track>
      </tracks>
    </animation>
  </animations>
</skeleton>